type,name,module,path,hash
"yaml","manifest","_config","_config/manifest.yaml","f21b3ae6ccdf7b088b95d078a11c970e02d600cd4a15c692ca26a3415963ec4e"
"csv","documentation-requirements","acl","acl/1-analysis/acl-document-project/documentation-requirements.csv","efc91d54787939a2dd2c22400e6b9b6f58835a741ea557e8971b5b333ce666e8"
"csv","module-help","acl","acl/module-help.csv","e65c9bff028ab1b9752694b45d269786c88b4ec3523e51d7849987a80b60201d"
"html","validation-report-template","acl","acl/2-plan-workflows/acl-prd/assets/validation-report-template.html","e52ca6affee703ce3c7ca0abff9afa51d7c37b9803acdb5052be919348a6beaa"
"html","validation-report-template","acl","acl/2-plan-workflows/acl-ux/assets/validation-report-template.html","429f4a7e5acf189409518cc6782e833dd30a89e83cd4821b89ae731bfa01c8b1"
"json","acl-manifest","acl","acl/1-analysis/acl-prfaq/acl-manifest.json","dfd7cd14fee695ea9adff0ba2632e89bc6d6220a79acded8bb4f9cb63b0e0dfc"
"json","project-scan-report-schema","acl","acl/1-analysis/acl-document-project/templates/project-scan-report-schema.json","8466965321f1db22f5013869636199f67e0113706283c285a7ffbbf5efeea321"
"md","adversarial","acl","acl/4-implementation/acl-code-review/review-prompts/adversarial.md","88fe392a44705251f26b6bfd2bb41218179be98e82e5c873fe9d28d9502fdde8"
"md","adversarial","acl","acl/4-implementation/acl-dev-auto/review-prompts/adversarial.md","88fe392a44705251f26b6bfd2bb41218179be98e82e5c873fe9d28d9502fdde8"
"md","adversarial","acl","acl/4-implementation/acl-quick-dev/review-prompts/adversarial.md","88fe392a44705251f26b6bfd2bb41218179be98e82e5c873fe9d28d9502fdde8"
"md","artifact-analyzer","acl","acl/1-analysis/acl-prfaq/agents/artifact-analyzer.md","44d342a041a2143ff1e1fc19cb0debc5b7e56b92dd29a26b33834bff30249e85"
"md","brief-template","acl","acl/1-analysis/acl-product-brief/assets/brief-template.md","afe1cca8293c3efc7339a9bc562bda43db84b7653cb8bf7872dcd8543afd94d8"
"md","checklist","acl","acl/1-analysis/acl-document-project/checklist.md","3b6856939315f71dc3ecc5a098c961fdc9f3615d3a032f0bc3dad565ac17bc38"
"md","checklist","acl","acl/4-implementation/acl-correct-course/checklist.md","93b788cba72feb78f46c69590b985bedc623fe0f873d928012f75f9e083d8327"
"md","checklist","acl","acl/4-implementation/acl-qa-generate-e2e-tests/checklist.md","4f479f71c8938f7ee6592a5d392aba31a7e8123e5d7b0ce7e361fbdf78b6f260"
"md","checklist","acl","acl/4-implementation/acl-sprint-planning/checklist.md","beb58abd0a7aa3bef7a3e92c3a95b8275b0e97c7bd144a5c47c644849e429eee"
"md","checklist","acl","acl/v6-shims/acl-create-story/checklist.md","857eca22066cd80f2116cdef29a894113d0772de97df230fc269fddb2d25a1c7"
"md","checklist","acl","acl/v6-shims/acl-dev-story/checklist.md","277b5b2157d37162ed6eb1b4cdfe08bb4100fe719994a8ac8d019339a458995b"
"md","color-themes","acl","acl/2-plan-workflows/acl-ux/assets/color-themes.md","0cb1741d8f1c252c96c7035a5e63dba57622aee8e0932d0f4511a29112c81b29"
"md","compile-epic-context","acl","acl/4-implementation/acl-dev-auto/compile-epic-context.md","f9d8a80a3b2403054978cf01f41382af85e4fc33bb793105bba4110b904a98a9"
"md","compile-epic-context","acl","acl/4-implementation/acl-quick-dev/compile-epic-context.md","b02345c6be80db6e429384bb108f3cb66547622edde43d42c498283322633dc3"
"md","creative-tools","acl","acl/2-plan-workflows/acl-ux/references/creative-tools.md","9b63ed22ad19001871113335de408713858b11206063e837e38c8b6135ce06c4"
"md","customer-faq","acl","acl/1-analysis/acl-prfaq/references/customer-faq.md","41019fb027ebd56872c6ac666c26f475513494a807ea28883ca3b3faf273af7c"
"md","deep-dive-instructions","acl","acl/1-analysis/acl-document-project/workflows/deep-dive-instructions.md","3b4301e9a48f38519147de1a234107d86a67a6e843651a9970f0f0eb84e05bf1"
"md","deep-dive-template","acl","acl/1-analysis/acl-document-project/templates/deep-dive-template.md","2d098bb425f58d1d49ab5c6b7c1a8c92af9271d281bacafe000fed059a1a206d"
"md","deep-dive-workflow","acl","acl/1-analysis/acl-document-project/workflows/deep-dive-workflow.md","4778fa738b2dd9029d3007dc025d9de22befc38c6a287e7e668dec5d61fd5ddc"
"md","deletion-check","acl","acl/4-implementation/acl-code-review/references/deletion-check.md","2690305265a71a83c46f3f35f2c972552d440447d9fc3e5ac20b5f728cd7749b"
"md","deletion-check","acl","acl/4-implementation/acl-dev-auto/references/deletion-check.md","2690305265a71a83c46f3f35f2c972552d440447d9fc3e5ac20b5f728cd7749b"
"md","deletion-check","acl","acl/4-implementation/acl-quick-dev/references/deletion-check.md","2690305265a71a83c46f3f35f2c972552d440447d9fc3e5ac20b5f728cd7749b"
"md","design-directions","acl","acl/2-plan-workflows/acl-ux/assets/design-directions.md","e23538ce58969028e4333727a4c4840e0aba3df6d718d6a64f613fea7c972af4"
"md","design-example-editorial","acl","acl/2-plan-workflows/acl-ux/assets/design-example-editorial.md","ed10853ff4e43d044423fbaf5b24741db714354c3b314a5e0dc7163d556d4ff3"
"md","design-example-mobile","acl","acl/2-plan-workflows/acl-ux/assets/design-example-mobile.md","bae5ddfe11c4b55c3134cbd567d4fc810fea389475eb3605fedd96124fe33b13"
"md","design-example-shadcn","acl","acl/2-plan-workflows/acl-ux/assets/design-example-shadcn.md","ba189df9538b87b6fc7023be22e734c86ba97178de52e2b37a9527a9c82ebfcc"
"md","design-md-spec","acl","acl/2-plan-workflows/acl-ux/references/design-md-spec.md","034015963ae97a0bff286ed17f8beb39fc97496a81b91fd4d446df3cf64419f0"
"md","discover-inputs","acl","acl/v6-shims/acl-create-story/discover-inputs.md","19c9b1d6635fc013c8ce62c266cb72314206beb832e397b9b6c17c94df697ac1"
"md","edge-case-hunter","acl","acl/4-implementation/acl-code-review/review-prompts/edge-case-hunter.md","686efe848cf1faf071b8c27bc9c85da176276793b8aad15f1e4a6b04dda3772f"
"md","edge-case-hunter","acl","acl/4-implementation/acl-dev-auto/review-prompts/edge-case-hunter.md","686efe848cf1faf071b8c27bc9c85da176276793b8aad15f1e4a6b04dda3772f"
"md","edge-case-hunter","acl","acl/4-implementation/acl-quick-dev/review-prompts/edge-case-hunter.md","686efe848cf1faf071b8c27bc9c85da176276793b8aad15f1e4a6b04dda3772f"
"md","epics-template","acl","acl/3-solutioning/acl-create-epics-and-stories/templates/epics-template.md","d758d8118dc83dd92196c7f154dc9f1a1b07c1b56c731d0fda91f344352abfda"
"md","excalidraw-wireframe","acl","acl/2-plan-workflows/acl-ux/assets/excalidraw-wireframe.md","e59663e39d4ece59ef1009ed332889be535317f5ea2f51b382747f61cdba4ca0"
"md","experience-example-mobile","acl","acl/2-plan-workflows/acl-ux/assets/experience-example-mobile.md","55551a226425849ce317d795a78cd15103bcbc65ee7bddf92a1c6fc12c466e8b"
"md","experience-example-shadcn","acl","acl/2-plan-workflows/acl-ux/assets/experience-example-shadcn.md","6bea729b3619cdd806005fc63c8910caf551c9367b9a00b45db277ae7f7e296f"
"md","explain-concept","acl","acl/1-analysis/acl-agent-tech-writer/explain-concept.md","f9406f0372e600449fafc235202b61c9f4c385f84f9fbd16fc1b9890596ea1c1"
"md","full-scan-instructions","acl","acl/1-analysis/acl-document-project/workflows/full-scan-instructions.md","1fc4a2fcecef4bb4b0f0add44205d6b0ebdce4b00ee5bebf0cbfb48787487238"
"md","full-scan-workflow","acl","acl/1-analysis/acl-document-project/workflows/full-scan-workflow.md","597d682f18a32603216b0b39fd51304db25f8090bb4f9cda203f8caf31955aa2"
"md","generate-trail","acl","acl/4-implementation/acl-checkpoint-preview/generate-trail.md","22f0871297d7a79a6418e095067f1eb5fb64e912c06a2c74630b5daff2619c2c"
"md","headless","acl","acl/2-plan-workflows/acl-prd/references/headless.md","a8e4778c113feed18a7ff73fa4b54940e46eb7b91d7489c9f78f2e310711bc33"
"md","headless","acl","acl/2-plan-workflows/acl-ux/references/headless.md","c70d6630ba267d96db080cb1de39523d5e3542c707b51842d11996913d9a3fae"
"md","headless","acl","acl/3-solutioning/acl-architecture/references/headless.md","0be0a163a3f4934e3a7c69a1733bd2f03ffbb0afdefad3da79bfd99a9061a4f0"
"md","headless-schemas","acl","acl/2-plan-workflows/acl-prd/assets/headless-schemas.md","5b733eabd3819abc0f1df9c650bddf65f5f4d28a8613898b0c9f101acf7bc8c4"
"md","headless-schemas","acl","acl/2-plan-workflows/acl-spec/assets/headless-schemas.md","f7b029bd15ae6a7b585c1681a3472a4a29eedd0c92331fdd38c1953f61b89ab1"
"md","headless-schemas","acl","acl/2-plan-workflows/acl-ux/assets/headless-schemas.md","c446c3fa353794afa37c8b09ce6072735a5595ec63a43ee265e40adaaabafc4c"
"md","index-template","acl","acl/1-analysis/acl-document-project/templates/index-template.md","d91d9a1688dceab09c4fdb0cf2f6b11d92de8d835130945d667ab04530435737"
"md","instructions","acl","acl/1-analysis/acl-document-project/instructions.md","1d0cd062277e1a11bf87bdb3d2c67740f5dc2363e14d40c0d5373e0b6d2af92b"
"md","internal-faq","acl","acl/1-analysis/acl-prfaq/references/internal-faq.md","6ef930c6a945870b4dbd6f12b88e0ea51423087982f589957b604d784b091a20"
"md","key-screens","acl","acl/2-plan-workflows/acl-ux/assets/key-screens.md","7cbfc0dc30327b93f306023fd2897d715de1b60a876fabfdd0a7d9a7f24ad0fe"
"md","mermaid-gen","acl","acl/1-analysis/acl-agent-tech-writer/mermaid-gen.md","f1af20cff1ddb4294f1b671eebcb80ebe515278e57ff53c4886798ba97b9f6c4"
"md","prd-template","acl","acl/2-plan-workflows/acl-prd/assets/prd-template.md","ad2952466446a385d5b0849d18c5bc81dbc0621a887947f1e0f076248aeda634"
"md","prd-validation-checklist","acl","acl/2-plan-workflows/acl-prd/assets/prd-validation-checklist.md","7192bc5e73d0e602085b3728e9e645326cbed022220e4574d9d0a7cbd246d3ee"
"md","press-release","acl","acl/1-analysis/acl-prfaq/references/press-release.md","bfe73d617b0b756360c7c9d187354c9bea2d47278aad3db17f3ad2296b9520f7"
"md","prfaq-template","acl","acl/1-analysis/acl-prfaq/assets/prfaq-template.md","6d4913f8d12fcb4d48508ece462e6f102262c1da66df0ac26274a69fb747385e"
"md","project-context-template","acl","acl/3-solutioning/acl-generate-project-context/project-context-template.md","9fc198ae90a30c2555fb4d8c8b5ec463ceca03bdae80a2d48f4b623b1e65e7a6"
"md","project-overview-template","acl","acl/1-analysis/acl-document-project/templates/project-overview-template.md","eb6be81f97699848e3e54d3349e91726ee53c9f5d2873dbe189eb5d082a019ef"
"md","readiness-report-template","acl","acl/3-solutioning/acl-check-implementation-readiness/templates/readiness-report-template.md","79e63524734308aca3ff4c40fdfaf87521bcea2e94ad0583b47d15915d800733"
"md","README","acl","acl/v6-shims/README.md","dfc087a59041adc03efeb5e48717d11934d2e04c2b4f3da19a53545e2576e345"
"md","reviewer-gate","acl","acl/3-solutioning/acl-architecture/references/reviewer-gate.md","81657c8908699bee8fd144551fbcfcbb88fed634877b9b9c26786b56a40bbca5"
"md","SKILL","acl","acl/1-analysis/acl-agent-analyst/SKILL.md","e5a19561a4a212b006f9ffa3840e438d7e7d6c893b41243f192e473bc22db151"
"md","SKILL","acl","acl/1-analysis/acl-agent-tech-writer/SKILL.md","0122499adf281fdb458462e3e81c43d31426dfefac1816cc3cb1f87f61851b60"
"md","SKILL","acl","acl/1-analysis/acl-document-project/SKILL.md","0f2782b8525a890ed9c5ad8b87c1d268b4baa2c0e3e39df155ad9460819b8290"
"md","SKILL","acl","acl/1-analysis/acl-prfaq/SKILL.md","628101a78ef962216e53312264ea0299ab803246e8a093429d21a6828d2ce7e2"
"md","SKILL","acl","acl/1-analysis/acl-product-brief/SKILL.md","1df2c7f46c7249bca9039c29bb800b0bce12b075b527cf2f982f9956df02fee7"
"md","SKILL","acl","acl/2-plan-workflows/acl-agent-pm/SKILL.md","e081cf747c1b41ca432c40ad7f3c74f10a1c71490cda2db2dfbf524fb4b5b8db"
"md","SKILL","acl","acl/2-plan-workflows/acl-agent-ux-designer/SKILL.md","4fcf84f9c3a3a87db7f59978a7376f905934a23d392a25b5dde0cda9f2161bc2"
"md","SKILL","acl","acl/2-plan-workflows/acl-prd/SKILL.md","55033efecf885eab5437824e7e64c00d0636053cdcf7a1c4e3fae269cb71cbd8"
"md","SKILL","acl","acl/2-plan-workflows/acl-spec/SKILL.md","e7706867105e3e24d6db06e20b4981e8fb6ee880f21f27ba30a894d0429828eb"
"md","SKILL","acl","acl/2-plan-workflows/acl-ux/SKILL.md","c59d6771e03ce8175a1fdb31bdbc64606123b6dda1fcea4a36cc8bd186945367"
"md","SKILL","acl","acl/3-solutioning/acl-agent-architect/SKILL.md","1d406b4a06d68e565422e24a9c99193248a2c0d260c4191b3afe9278791a4b95"
"md","SKILL","acl","acl/3-solutioning/acl-architecture/SKILL.md","4188073f3d54900e261177398e7e95948bf841a3ce4d315e3d8e0281d8296e74"
"md","SKILL","acl","acl/3-solutioning/acl-check-implementation-readiness/SKILL.md","201f3520a6cc998d8b703f10d4aadfff215683dd8a8556ba961f072aaaa54bea"
"md","SKILL","acl","acl/3-solutioning/acl-create-epics-and-stories/SKILL.md","944d14172848e498054d1658292496a83ff18997554312ef6e0e7969a0eb9039"
"md","SKILL","acl","acl/3-solutioning/acl-generate-project-context/SKILL.md","e871e396df4ed7e3f1375599e22b27754b984e642146b47eb302eef831a7d49a"
"md","SKILL","acl","acl/4-implementation/acl-agent-dev/SKILL.md","dec35c3c4029436cd446f76e7e2a3a8be2dfc888e7a99fd28d608779efd7470a"
"md","SKILL","acl","acl/4-implementation/acl-checkpoint-preview/SKILL.md","d0b77c4dce959cf9d87f0790bcf6ac22005967bd207ee282b59af2bad75f6673"
"md","SKILL","acl","acl/4-implementation/acl-code-review/SKILL.md","481f8d73607e7dd403c58c5e20306c85f2fcb6d8766dd86429f6e05cd4963bc1"
"md","SKILL","acl","acl/4-implementation/acl-correct-course/SKILL.md","b71f49e73a0e03561be8b60a175ef88b1a10cdf15e58ac74dc46468e21994d61"
"md","SKILL","acl","acl/4-implementation/acl-dev-auto/SKILL.md","78cc53deb8818b5a25a6d1db1bdbabd754b3b6a0b45418ec461e4b6e41a05d3a"
"md","SKILL","acl","acl/4-implementation/acl-qa-generate-e2e-tests/SKILL.md","7d39a713786c4ef77e22013a529fc626214b4aace887f4786483142a4e107f5e"
"md","SKILL","acl","acl/4-implementation/acl-quick-dev/SKILL.md","852012443b448fcb488191cd1cf3446ba5027f4b6c59eef08ce1f1fcfff209c4"
"md","SKILL","acl","acl/4-implementation/acl-retrospective/SKILL.md","a1ec5b51919fd6785261f9de6c723f237d8f681a7790e3c8287dd2509c0f90da"
"md","SKILL","acl","acl/4-implementation/acl-sprint-planning/SKILL.md","269d4eedef0d6717a669a9e74e0a95b9c6b28a364566110f08d3ff477d24541b"
"md","SKILL","acl","acl/4-implementation/acl-sprint-status/SKILL.md","66f276f2c3eecac5481c4edf23a7754957099ca37043906bb7d5be204d68c53c"
"md","SKILL","acl","acl/v6-shims/acl-create-architecture/SKILL.md","0e70ffa37958c5f40248d24688098d51f3deabde53d403a891a65c0a1d9f808c"
"md","SKILL","acl","acl/v6-shims/acl-create-prd/SKILL.md","e5994329aefa72b639c06e4f8cdb8020f52cfa36ba7c7b040f112e5bc9edb3d5"
"md","SKILL","acl","acl/v6-shims/acl-create-story/SKILL.md","b2a83972439b05a89c843c91cb5b05e736706ba08390e8cde85cfcf5694d4d23"
"md","SKILL","acl","acl/v6-shims/acl-dev-story/SKILL.md","351716df3bf47851da405ad6fcabb8f6837228e4d8898baefe0138de252b2fcc"
"md","SKILL","acl","acl/v6-shims/acl-domain-research/SKILL.md","eb70db577e87f73225cd82f3ad5a0eb8762db42f62a5459dd6c8aaf0676bb886"
"md","SKILL","acl","acl/v6-shims/acl-edit-prd/SKILL.md","a58ba9879129928b3145eebb92de599625f6b5ef175bd535d9e7df6be8fd8866"
"md","SKILL","acl","acl/v6-shims/acl-market-research/SKILL.md","5beb47f7a564289a0b399e452ff3e11d7f93687c2025643afa1f36233f5d692c"
"md","SKILL","acl","acl/v6-shims/acl-technical-research/SKILL.md","e7a1dc1773d299fe79fb5832f2b2a50f0ea783e9977da11a754072333707d4c6"
"md","SKILL","acl","acl/v6-shims/acl-validate-prd/SKILL.md","ba15ed40493946fd0d9feeb304d2fe6d3494b412eaa64d4b11421fd5d03f0e1b"
"md","source-tree-template","acl","acl/1-analysis/acl-document-project/templates/source-tree-template.md","17bb3169454411a489fdeee3d824a3571fa91e0322da0eac4d43957517583680"
"md","spec-template","acl","acl/2-plan-workflows/acl-spec/assets/spec-template.md","16ab24daa8fd09ada371408351b44ae7b3337f45b17c46394b6dfd8ae73549ea"
"md","spec-template","acl","acl/4-implementation/acl-dev-auto/spec-template.md","a8769a87c323d9ae27162516a6be6b0de456b2be4607d6e1754e2f216d2942a8"
"md","spec-template","acl","acl/4-implementation/acl-quick-dev/spec-template.md","a311cb8ce1746b16e7b4250814493946a8dfe4eba0b1611e009123e54d4609aa"
"md","spine-template","acl","acl/3-solutioning/acl-architecture/assets/spine-template.md","7b712011d3e1d1a8ab47b74533981a29214bbfcf5ee22376afccbe83127edaff"
"md","step-01-clarify-and-route","acl","acl/4-implementation/acl-dev-auto/step-01-clarify-and-route.md","34c4e03530ce29233404c316558c788930e9e131f86a34f3bc18c090dffeb3bc"
"md","step-01-clarify-and-route","acl","acl/4-implementation/acl-quick-dev/step-01-clarify-and-route.md","d3235cee57d5dc36cdc848df0a1804529692d1822c899df87f8725c123f720b8"
"md","step-01-discover","acl","acl/3-solutioning/acl-generate-project-context/steps/step-01-discover.md","ca5ef1ee1d263c22266e6a55320f8649bf287046fb56882e6da91721756f4160"
"md","step-01-document-discovery","acl","acl/3-solutioning/acl-check-implementation-readiness/steps/step-01-document-discovery.md","7f5a079d4efc9fe60f955312bb0c082d95e04ecfd6ff38d5c02e214b3ebb5eb0"
"md","step-01-gather-context","acl","acl/4-implementation/acl-code-review/steps/step-01-gather-context.md","5c823c90868847ba6ad6d525b593ed1e3b290637e369bfbf968d839ff3c02f70"
"md","step-01-orientation","acl","acl/4-implementation/acl-checkpoint-preview/step-01-orientation.md","b0db21dcc9fab52326125816fd5acbd2e000690c441556e4d27edd92d94b0cda"
"md","step-01-validate-prerequisites","acl","acl/3-solutioning/acl-create-epics-and-stories/steps/step-01-validate-prerequisites.md","a35f1aaa7d09bfeb17bc491a6d02ae6babf40336baea792282035b1d63f0ec8c"
"md","step-02-design-epics","acl","acl/3-solutioning/acl-create-epics-and-stories/steps/step-02-design-epics.md","b55073366754829cbc289ccfacf2d8195a0a9de1f5ea709271c01b5351b2b71f"
"md","step-02-generate","acl","acl/3-solutioning/acl-generate-project-context/steps/step-02-generate.md","f27d86782c3a9d17db9d2c53a450b87acc7a10f3351d0fee91472e2b355634e1"
"md","step-02-plan","acl","acl/4-implementation/acl-dev-auto/step-02-plan.md","b515c9c9dea1242c6b2c17ddbd440edd21f21e469ae983bdcc0a523c4941aeb1"
"md","step-02-plan","acl","acl/4-implementation/acl-quick-dev/step-02-plan.md","fc6c81806c5d9943cc250edb072224c8ad3123bcd4c08bc2f6db6211feea9f78"
"md","step-02-prd-analysis","acl","acl/3-solutioning/acl-check-implementation-readiness/steps/step-02-prd-analysis.md","4eb6415c80413377a2ec1ae09643eecfe5511d0e1240c6a72cf39b1c79e9d070"
"md","step-02-review","acl","acl/4-implementation/acl-code-review/steps/step-02-review.md","3f165183aa8b2daa613b60775fce8b316b530f7945a97d747303dfeef99cf3b0"
"md","step-02-walkthrough","acl","acl/4-implementation/acl-checkpoint-preview/step-02-walkthrough.md","e6b4d15f860a43133ab4300dd3eb3cc349617918a1731a38e0278a9fb7122566"
"md","step-03-complete","acl","acl/3-solutioning/acl-generate-project-context/steps/step-03-complete.md","f7ba1a4288d4682b7b317fb29969fc67476f9fa4ac4de1b7188686f6af2afd05"
"md","step-03-create-stories","acl","acl/3-solutioning/acl-create-epics-and-stories/steps/step-03-create-stories.md","78a496830961b3a4228cc7c0915d17fb54944cc7e69f016065fa539e52dbb6e5"
"md","step-03-detail-pass","acl","acl/4-implementation/acl-checkpoint-preview/step-03-detail-pass.md","a600082776e0b6badace8ef9a4e5b06ba357db34537fffb92a163db9c4c90736"
"md","step-03-epic-coverage-validation","acl","acl/3-solutioning/acl-check-implementation-readiness/steps/step-03-epic-coverage-validation.md","dc5732d598c3d6a1cc1ed19614956bc143d654443a4e68ce1b6d1b419a8d1513"
"md","step-03-implement","acl","acl/4-implementation/acl-dev-auto/step-03-implement.md","82c9e14df69c241c7fec9fe0139071680fb92c4ce703de0ba7d466e72c87e817"
"md","step-03-implement","acl","acl/4-implementation/acl-quick-dev/step-03-implement.md","10740f71753fdb6bb19cda295c24004356c1f17bdb60ce707edd437f645cda2a"
"md","step-03-triage","acl","acl/4-implementation/acl-code-review/steps/step-03-triage.md","8e0299034e8a3750cbd803d32cb59b944cc5c4956d437d2e6cfa6ef9d2806018"
"md","step-04-final-validation","acl","acl/3-solutioning/acl-create-epics-and-stories/steps/step-04-final-validation.md","c2143810cbb9f6fdbe402dba2abb2dab4ff02c27988d462011889cc1ce6c82a8"
"md","step-04-present","acl","acl/4-implementation/acl-code-review/steps/step-04-present.md","3bb4719bf6a3c14c2bc01a4e17c634b222ed954d43cc7713b0c330bbbe36801c"
"md","step-04-review","acl","acl/4-implementation/acl-dev-auto/step-04-review.md","8db3938da5c36cbbaa04f2a09f80bb234b18c7b4fd64442c85fa68d3a7d7916a"
"md","step-04-review","acl","acl/4-implementation/acl-quick-dev/step-04-review.md","2863da5ce5512c0b66876b8d75510d6729d39cd251d108b7da068b88eea193c5"
"md","step-04-testing","acl","acl/4-implementation/acl-checkpoint-preview/step-04-testing.md","f48f6549ce52bdf7e5193f74f3b122305ebb36b16fc24d3fc688aa625e12b0cd"
"md","step-04-ux-alignment","acl","acl/3-solutioning/acl-check-implementation-readiness/steps/step-04-ux-alignment.md","fe4459ad78f35fc687272234ab1f33b2d28cbfcdee691b069bdecb52ea79176a"
"md","step-05-epic-quality-review","acl","acl/3-solutioning/acl-check-implementation-readiness/steps/step-05-epic-quality-review.md","df21f43456bf88f742d88676f394cf80bcd0447ad6aa5b47ce2c1e47da79fe6c"
"md","step-05-present","acl","acl/4-implementation/acl-quick-dev/step-05-present.md","2ff15f5dcb1e512c4419dbdb111469b969dd92af2124a3c194692ecd587ddbbd"
"md","step-05-wrapup","acl","acl/4-implementation/acl-checkpoint-preview/step-05-wrapup.md","f0d3a3691bf33688ab6fb3819cf90c0092f65f82b06e1be5d1c97a8db01ed1b8"
"md","step-06-final-assessment","acl","acl/3-solutioning/acl-check-implementation-readiness/steps/step-06-final-assessment.md","fa2dc9067edb2108832c40b8d7b774d678d73c0dd92e9dbf37b74aa8e84da063"
"md","step-oneshot","acl","acl/4-implementation/acl-quick-dev/step-oneshot.md","c38a67ef2f5eef9f1d6f49d2474f983ff325199ed2877afe9259e2356765794e"
"md","stories-schema","acl","acl/2-plan-workflows/acl-spec/assets/stories-schema.md","73b58f20e674a806ef733adacc3a2a26cca1d5e3628be57b8f34bb675bb659b9"
"md","sync-sprint-status","acl","acl/4-implementation/acl-quick-dev/sync-sprint-status.md","081efdaa1109f279d732b77ead6fe0e180f039ce17b0eb20dd43c6bf2cde6044"
"md","template","acl","acl/v6-shims/acl-create-story/template.md","31c35d74f9c84250b0b3574ca02c3041b243342e365e1c190a2d27b9971e9aab"
"md","validate","acl","acl/2-plan-workflows/acl-prd/references/validate.md","ca75de62cbd92fb46959dc03f76c3604fbe71dc90940b715236b7a3a75d93a2b"
"md","validate","acl","acl/2-plan-workflows/acl-ux/references/validate.md","500cd5727c43f495666ec3ea89ef061d68614cb8f7fbd3390c3c0516487adf8b"
"md","validate-doc","acl","acl/1-analysis/acl-agent-tech-writer/validate-doc.md","e34d390365d4c09bed23c263cde030a42acf054a71146295a8fb602208ac9ea8"
"md","verdict","acl","acl/1-analysis/acl-prfaq/references/verdict.md","844005fbf3adb5b488d32edd81e8ae958b8e1445b747fc01fc74bcd38d3c0194"
"md","verification-gap","acl","acl/4-implementation/acl-code-review/review-prompts/verification-gap.md","ab6da74259a316c76ba49d534831ddfbb98b3ee446298ae46c54adf8616d986a"
"md","verification-gap","acl","acl/4-implementation/acl-dev-auto/review-prompts/verification-gap.md","ab6da74259a316c76ba49d534831ddfbb98b3ee446298ae46c54adf8616d986a"
"md","verification-gap","acl","acl/4-implementation/acl-quick-dev/review-prompts/verification-gap.md","ab6da74259a316c76ba49d534831ddfbb98b3ee446298ae46c54adf8616d986a"
"md","web-researcher","acl","acl/1-analysis/acl-prfaq/agents/web-researcher.md","8b530a75744f72f4d189bb8634c00daeb97aec02aab2daa63df3d4814b27e3b9"
"md","workflow","acl","acl/4-implementation/acl-dev-auto/workflow.md","280291f24dc7077aed28d8b0972b4afdd58e13a64e3f66fdd0fbb376a21dd050"
"md","workflow","acl","acl/4-implementation/acl-quick-dev/workflow.md","1208fe42dedc717a034f0aae328ec16e8f66ed7ed8516dd33e4f15d36e6c2b98"
"md","write-document","acl","acl/1-analysis/acl-agent-tech-writer/write-document.md","ac49869cbeaa4f7e8fa4d6bcebff3280d06678931c57e504e1f9ce8977875667"
"py","lint_spine","acl","acl/3-solutioning/acl-architecture/scripts/lint_spine.py","f6efaa619a533b5f29f9be3a09957c52dbfd7cc7b933ffb7419298c062a9d02d"
"py","render","acl","acl/4-implementation/acl-quick-dev/render.py","53775517e13cc2fa767f661d1e68bec4be8a3094352b3a8ff2e51e8fe0054260"
"py","test_lint_spine","acl","acl/3-solutioning/acl-architecture/scripts/tests/test_lint_spine.py","447fd80502af80342d82f75dd7d989480ec7e2d244f95b780f43f5916626a034"
"toml","customize","acl","acl/1-analysis/acl-agent-analyst/customize.toml","223900eb25f805ec01e3f2225489a0bb51b78c3a5d6fe85f1c3b9f08b8042778"
"toml","customize","acl","acl/1-analysis/acl-agent-tech-writer/customize.toml","e105756e5bf676a1bb1436448a4f143121eab5e15a3431895d4b61cd5a821b19"
"toml","customize","acl","acl/1-analysis/acl-document-project/customize.toml","cdd1199d4fb888dbf65e8fc37027d4c1eaf57a5ebbb4e2659dd095f836952da2"
"toml","customize","acl","acl/1-analysis/acl-prfaq/customize.toml","f8ab9938311c1bb820ff01fd96f83fd33995179f508ad48d92e131a18e122344"
"toml","customize","acl","acl/1-analysis/acl-product-brief/customize.toml","72e453ef0a454591c5e73157c8eb31b429898c4a137e63d1cf60c198cb63e028"
"toml","customize","acl","acl/2-plan-workflows/acl-agent-pm/customize.toml","104f1a7b6290ca06cea4434f1d5b02ed5cb268c3d6c18efa9ae9d833804501c7"
"toml","customize","acl","acl/2-plan-workflows/acl-agent-ux-designer/customize.toml","62bd74b106d886acfcc777b90123ec519d2bccfdba1cb979839a9346e1f63b79"
"toml","customize","acl","acl/2-plan-workflows/acl-prd/customize.toml","505241f50f8775b1dd0bb2b414a76524ed4fa53120130b1f9ac342438831860b"
"toml","customize","acl","acl/2-plan-workflows/acl-spec/customize.toml","43028d55953d1e3332100e0ce5345132bef4b5a97d525ddb92b71740ea273dd4"
"toml","customize","acl","acl/2-plan-workflows/acl-ux/customize.toml","40c9590a0730710c95c9a57d6bf4e950950e9deef7b2d28c024a5838fd7d60e3"
"toml","customize","acl","acl/3-solutioning/acl-agent-architect/customize.toml","f0019bdb35a9b5b58c383f47cc7cda9fb945517bb1b816ce0c18c86341c21694"
"toml","customize","acl","acl/3-solutioning/acl-architecture/customize.toml","8a0f484d683d1a159b1befc661d27c8b25776426df56803df8d81594a41d9c17"
"toml","customize","acl","acl/3-solutioning/acl-check-implementation-readiness/customize.toml","d41b97a3a26b3e06c8fb026cfb997930e3e7135c4ccd8f1fd76c0339b75f372b"
"toml","customize","acl","acl/3-solutioning/acl-create-epics-and-stories/customize.toml","f4dfbac561ccb8ca5f8dadf486d13fefdccb086f8677ec122650d909d1b52cf9"
"toml","customize","acl","acl/3-solutioning/acl-generate-project-context/customize.toml","45ded1257d8692f36fb9acfa75dad472b713ad2b74ccd5e0690730dca0719ea8"
"toml","customize","acl","acl/4-implementation/acl-agent-dev/customize.toml","43a2f93e4a4540ec8470d303d9e6d10ce2b0ea4b4f2daf7e5cbd2a39063aaf90"
"toml","customize","acl","acl/4-implementation/acl-checkpoint-preview/customize.toml","3ba7887ac34f0856acc283b7782d26d0346b73cb6b7ab5ab43628d93246655b0"
"toml","customize","acl","acl/4-implementation/acl-code-review/customize.toml","ca1ccbc40cf20284d44974d70cc96131e6fcf44a1d03e3bef598f7ecd156ec30"
"toml","customize","acl","acl/4-implementation/acl-correct-course/customize.toml","0d2b88fcd6cc547f606cbb7c8b741ec36cc4c8ede51d917da044601d66919842"
"toml","customize","acl","acl/4-implementation/acl-dev-auto/customize.toml","7525c1c9b21728f95b97f3ea327bc0a6070b8356f5af871327d9f3c43d63b518"
"toml","customize","acl","acl/4-implementation/acl-qa-generate-e2e-tests/customize.toml","e4487902db113298ce823d3f6572a379d26eb98c14113cb03a861a0b50884387"
"toml","customize","acl","acl/4-implementation/acl-quick-dev/customize.toml","5eb64a367a48f0bafe91a2c3b247f30f838c47166401c0bbc2d7e303a2caa9b4"
"toml","customize","acl","acl/4-implementation/acl-retrospective/customize.toml","973cec4df9e88697432076d9665fb4db76b5ffb20fa68c2de5393eb3738231ee"
"toml","customize","acl","acl/4-implementation/acl-sprint-planning/customize.toml","5e451341df6762dd165307ce22267c3e6b2af10fb7bf2f9e1eb43b15fa6dd917"
"toml","customize","acl","acl/4-implementation/acl-sprint-status/customize.toml","46b3aa3fc9f455eac4f6d784bd159cbe1c4b9c9d91b1e24bac92b8ae990adf86"
"toml","customize","acl","acl/v6-shims/acl-create-architecture/customize.toml","5651ce88b7398a079e4693f59ccbba7307a354293b5d1ff2beaa12064141de82"
"toml","customize","acl","acl/v6-shims/acl-create-prd/customize.toml","ac7c31dc18a68e6da864f8ef858f7494fc050a5e1e2030c1f86785b3d917be42"
"toml","customize","acl","acl/v6-shims/acl-create-story/customize.toml","dac2d28fe8a937c349c440682dfce3c875ba18ef9090c43d55b85651eee70e68"
"toml","customize","acl","acl/v6-shims/acl-dev-story/customize.toml","a9f5719c915ec5e160aebd45c236bef540e161745e8f2c80957bd2fbff200175"
"toml","customize","acl","acl/v6-shims/acl-edit-prd/customize.toml","2225e5e421fd9e65f83e6dc385d9cb672950d2ce46cdcac90a7da015183d49df"
"toml","customize","acl","acl/v6-shims/acl-validate-prd/customize.toml","6300bc9bf9e562ed0960814c25035f34c05bf437327f25d640780b654702a413"
"yaml","config","acl","acl/config.yaml","f832652cf516e1f8eb1856a479b6e6748af4e8770956e0e424700959998f1eb6"
"yaml","sprint-status-template","acl","acl/4-implementation/acl-sprint-planning/sprint-status-template.yaml","317b65e5fc0844a96b99ea923a1672e8b1f354269a8fd305691be32976a86614"
"html","markdown","C:","C:/Users/karthick.natarajan/sample/public/markdown.html","7caa3f3a2ea6f188b9a8bc75ef1768b36f45b70335ab4c2b7cc772fb7fdb379f"
"svg","brownfield","C:","C:/Users/karthick.natarajan/sample/public/brownfield.svg","e6088fbdb95db8cae8c953c583a295d7cd60a3435a3e64666294d7d8f09026d3"
"svg","greenfield","C:","C:/Users/karthick.natarajan/sample/public/greenfield.svg","b7c6ada441b4850469a9409a15931dea46d59d16e6ff37e8e32bafac301101b4"
"toml","config","config.toml","config.toml","2f4d0e16ff9cbba0660036a30a6e7b5117a737aa0a26a5b6c0d275e18a74a006"
"toml","config.user","config.user.toml","config.user.toml","3b91cc70dc49b1bdc2fdcd80d33f7d906b1c8f9149ae30b47dbabdf2e74d2e8f"
"csv","brain-methods","core","core/acl-brainstorming/assets/brain-methods.csv","fff112eabca1a9cb8b190f8314bc47678becc5782a2372e11c83daa0e33b6dfd"
"csv","methods","core","core/acl-advanced-elicitation/assets/methods.csv","c5647754013ce04b5f225c6083bf49d4418f5fbd3b5ebc818e6323ddbffb863f"
"csv","module-help","core","core/module-help.csv","9957b56f3138533b7cb1fbf14683873c3291b22b087aeb42983dbe49a3de31b2"
"html","brain-selector","core","core/acl-brainstorming/assets/brain-selector.html","c9ce6ff6e0977ca1980c094b092a9625de7be5a9b4adfb507f5d70901278a0a2"
"json","brain-icons","core","core/acl-brainstorming/assets/brain-icons.json","a101c56e89f1d0f9e4131dfdfc19e10c746e3a61c3f92537d04a6f4897b7d331"
"md","academic-lit","core","core/acl-deep-recon/types/academic-lit.md","15d5c9c5d07b10b0c10ca7563aa7563d5cfa0b44f72981586a7f4b0804300552"
"md","competitive","core","core/acl-deep-recon/types/competitive.md","1961066a3a3af33434e292e2656c887ec04ba55ed2b33157739193c1c819cd1f"
"md","converge","core","core/acl-brainstorming/references/converge.md","01cc1636a31a374714325dc81adbe2b28875fd9eefe1c6f5791edb864acdada9"
"md","create-party","core","core/acl-party-mode/references/create-party.md","3fb5c8d840a8bf6ad42a138f05d0ef50bd98f17d395058312e824fa7f60c560d"
"md","domain","core","core/acl-deep-recon/types/domain.md","b61845d01da5935540a179ef93fe9ee2a76abc407f3631d8f5d2a922fb6fc8b8"
"md","draft","core","core/acl-deep-recon/references/draft.md","9f9588aeb77f0021501951bf43cf84da59ede633e32cfb70740e1968792c7f50"
"md","editorial-common","core","core/acl-review/references/editorial-common.md","86a487365b3ae646afa09c70f329fd50210ca3737873cb62c19c9992bf4b7815"
"md","finalize","core","core/acl-brainstorming/references/finalize.md","3a01705b1094ccad9b713d7a29c66b95462e878a200c69f5a25464e97b309fc1"
"md","finalize","core","core/acl-deep-recon/references/finalize.md","8211f117f1e75f1a0174b533774caf6f0076d8c72c73263ded061ed408c40a69"
"md","headless","core","core/acl-brainstorming/references/headless.md","083f19379e4b96a01215c0fbac261b1d4327c64ee71b5e3d0384cf27c5b85a64"
"md","html-briefing","core","core/acl-deep-recon/references/html-briefing.md","c4e90f5ba06c53a8ca741c5873bb263298c5680f79d999af38a5d1105a11ab09"
"md","in-chat-techniques","core","core/acl-brainstorming/references/in-chat-techniques.md","10110d34b5b0c6eac0d6b9dd96b928c16e138d185eefa4bd3202ad4473fb445a"
"md","lens-adversarial","core","core/acl-review/references/lens-adversarial.md","6365b0a09b4e8ea47b371cc6f200c1d56e1e66f85253735e908c01bb5b20c37a"
"md","lens-edge-case-hunter","core","core/acl-review/references/lens-edge-case-hunter.md","4e9432566cf9df30115cb1cfbede9c2a3f1b73aee5aa51d96e06ab7cd113a6ab"
"md","lens-prose","core","core/acl-review/references/lens-prose.md","5d54b690479664f83cf322067fc850bc0a54c7ba75f92d302075044516b8ba36"
"md","lens-structure","core","core/acl-review/references/lens-structure.md","691227f4afb66d2e8fbab5db2fc72fc688c1dbac179f1a6ced4d9dd83af2a93a"
"md","lens-verification-gap","core","core/acl-review/references/lens-verification-gap.md","33897fc659f001cd0b17c8a30145195f7990f3eca0fb59cf7fdf048b2caff889"
"md","lifecycle","core","core/acl-deep-recon/references/lifecycle.md","e2da93fd0bb5063d88e5ee0bde14ae62fbeafb41d59f24f0aa5cb33a7839ae30"
"md","market","core","core/acl-deep-recon/types/market.md","75b96677649c1db8cdb9dbd7e42db7a687da0d35fedebd6821504f168e73eebf"
"md","mode-agent-team","core","core/acl-party-mode/references/mode-agent-team.md","586f9489a7a9ae83e3dd4b7928afcd25195b07ab51364173504494ec1bd0063d"
"md","mode-auto","core","core/acl-party-mode/references/mode-auto.md","d1fec74ca09616eb60186bcc1dc51896f224a67fc200115de3757c365f19de35"
"md","mode-autonomous","core","core/acl-brainstorming/references/mode-autonomous.md","fef7081b68664d1365f37263f38511d5b19d6987871e71dc23996a946bcf8321"
"md","mode-facilitator","core","core/acl-brainstorming/references/mode-facilitator.md","ff400f1fe59e34935c30f75f359a1d7aed12c9e85fb2aca1054c8d89c4f7328d"
"md","mode-partner","core","core/acl-brainstorming/references/mode-partner.md","e301d09f48b41a532482dbfc8468f963bc1579cf4a4440ea03249a4694ec7efa"
"md","mode-subagent","core","core/acl-party-mode/references/mode-subagent.md","e5adb51b3562f8cc5b40874fff95fba57cce2935755995accba1b8bfa0f77321"
"md","party-memory","core","core/acl-party-mode/references/party-memory.md","55ed43f0ee26c3eb5e548d7eecd27ba92b4e87c1093e4da8348065ea509f10a9"
"md","process","core","core/acl-deep-recon/references/process.md","eb8a6ddd7f5a96ba9658345630309fb11c3ce0f01556c8f44d0c0cbc0d9c9731"
"md","README","core","core/v6-shims/README.md","41142c76a27d3d84c1c20cf13917686291dc3083bd33c6fe672ebe531db723ce"
"md","research.template","core","core/acl-deep-recon/assets/research.template.md","d37dd71f5b2833562b465dc0f92a54861c7f25eb3506661bbda6c291042c3913"
"md","resume","core","core/acl-brainstorming/references/resume.md","573393e71054c6fb1e118856b7a48a5baa0b8a5fc14d5820fa4d889cbc15d9bd"
"md","run","core","core/acl-deep-recon/references/run.md","7fe6963dbe71c2adfaf4d7d93afff0e1a021ad84d211b372584279fd5151dacd"
"md","selection","core","core/acl-deep-recon/references/selection.md","4927638720201571521bdbb1e3ef71eb892f00bedb7a6fca4c870177110bddff"
"md","SKILL","core","core/acl-advanced-elicitation/SKILL.md","28047b6b0181ba6e16abf716b4b4554f15922cca7c08461caa848e7f2dd8b285"
"md","SKILL","core","core/acl-brainstorming/SKILL.md","e395206905c9b8f3735bfec7693204ad53a00d9c3e0a5f2edb9d1649dbd8b11d"
"md","SKILL","core","core/acl-customize/SKILL.md","5834eaf7c0da40eb77c762881ba22af86e2261caaae4efea77cc6225dede54c4"
"md","SKILL","core","core/acl-deep-recon/SKILL.md","f17fdb9c8a7cb94b09c87123a1db62e20c389cf3f9ff9f905dde9782b8720a33"
"md","SKILL","core","core/acl-figma-bridge/SKILL.md","114a90b4873fbfc0f4874afaa2d88b6bd4e1b3698933d787bb24853aacb98868"
"md","SKILL","core","core/acl-forge-idea/SKILL.md","20a30400f1c7bbfe9c153848a188bd14cd24162ffcdc7b5818c0c750193e717d"
"md","SKILL","core","core/acl-help/SKILL.md","6944e4333b8574bab09d5d408e53d7ee629bd5fcebe88e171e9bc5dd7be8b724"
"md","SKILL","core","core/acl-party-mode/SKILL.md","1a7324269a6a01c9ef64063e2f5e537048b0423014a76aee2932da30d8c6923f"
"md","SKILL","core","core/acl-review/SKILL.md","87fb39f9bc8064b581fdb9ff194611c407ec77a4f5f66b51910840660e3b0288"
"md","SKILL","core","core/v6-shims/acl-editorial-review/SKILL.md","28e41ddfe0c964a0da97ec219b6fcc9892fd2b8bd20f1e500e2169706d9e19b2"
"md","SKILL","core","core/v6-shims/acl-editorial-review-prose/SKILL.md","24916ae2f495d00cbbb46a14ed668e0db6a352af3422b9ca4ebccc9802045138"
"md","SKILL","core","core/v6-shims/acl-editorial-review-structure/SKILL.md","d982b9a7a34f5230efe8eb6426461854f8681aab8292529488d6572305e58e89"
"md","SKILL","core","core/v6-shims/acl-review-adversarial-general/SKILL.md","32e7c88cf95f5b0090bc8a0282c39f6815c22f90f0767fd87fa205737b95cd03"
"md","SKILL","core","core/v6-shims/acl-review-edge-case-hunter/SKILL.md","cfbe0ed15fc3e8a048ea62f7de515c047533c268bdec48b6e53c898e11496572"
"md","SKILL","core","core/v6-shims/acl-review-verification-gap/SKILL.md","d51963bd77e20bb6e197e16ce283f95fb9274ec5ecb9971b2ad6423f2ebcfb61"
"md","structure-models","core","core/acl-review/references/structure-models.md","ce6c13044f1251a77d5958fba169524aeb9e2ab4e2fef6bcb3c5b50f45030b2c"
"md","synthesis","core","core/acl-deep-recon/references/synthesis.md","0313cdb67a1caf3c04027382a7bb91b95418ddd59f1d8e3d6a8837800431228e"
"md","technical","core","core/acl-deep-recon/types/technical.md","5d74da34804525009600a30e287dcc7aff96a9dca056a3c5a949a33947be8338"
"md","user-voice","core","core/acl-deep-recon/types/user-voice.md","53c890821ceb8021d85cf0a4e535b5e50572401ecb7bd9614d53811a915f7f83"
"md","verification","core","core/acl-deep-recon/references/verification.md","06a7c812cd5a983b377a24561b2189de5ca7424ead312696927b5b7a49992290"
"py","brain","core","core/acl-brainstorming/scripts/brain.py","015d43497e5b62ed199c497691c17a85f879dfa9450ca16e4df7a7c0571eeb8b"
"py","list_customizable_skills","core","core/acl-customize/scripts/list_customizable_skills.py","3683ddbbbf3ac25337b531a9dd82c1da1fc3e869c38ff410fcac6e58d836529b"
"py","pick_methods","core","core/acl-advanced-elicitation/scripts/pick_methods.py","dceec5d895a03fe031ad846c1b6387b39a4f4eae155ebb520c3a3482179b9510"
"py","recon_kit","core","core/acl-deep-recon/scripts/recon_kit.py","8f1db8435634275bb1cceb71f453d2404d0cbb8818d5e4bdbb8f125e52f972b6"
"py","resolve_party","core","core/acl-party-mode/scripts/resolve_party.py","11b8b56aa1860edf065070449873dc7ef8767d9ba7461f304619851320f0cc09"
"py","resolve_personas","core","core/acl-forge-idea/scripts/resolve_personas.py","a3aa672d048e0e09dca5ad72a5a54e10b08b7c5e83e80b8842197db67a524a77"
"py","test_brain","core","core/acl-brainstorming/scripts/tests/test_brain.py","8acec4076c3bbdb84bc6a4e119cae67fe0453b22c8bf9a03fc1daa892e323ae6"
"py","test_list_customizable_skills","core","core/acl-customize/scripts/tests/test_list_customizable_skills.py","84adae291ca3855bf379718507cc578d85493e162993b6bab19664d0437f2f36"
"py","test_pick_methods","core","core/acl-advanced-elicitation/scripts/tests/test_pick_methods.py","97e3fe6fc8c64b7f62da10a66c0719487d3703df66314e455257a684d3fb98a2"
"py","test_recon_kit","core","core/acl-deep-recon/scripts/tests/test_recon_kit.py","62ed9c0ddead7076935767d9093fcb2a7534016ab1a1ed5ff634cf4cfbacc4c0"
"py","test_resolve_party","core","core/acl-party-mode/scripts/tests/test_resolve_party.py","c82f542d76a1606a26ace4c6bf110339b43b51f70b2800ccd99ae5e4c1e65784"
"py","test_resolve_personas","core","core/acl-forge-idea/scripts/tests/test_resolve_personas.py","19a00ed1af1031c1934ef48a5208441594141e2bce2fe49a3aeee18f10ddf56d"
"py","test_word_metrics","core","core/acl-review/scripts/tests/test_word_metrics.py","832c4303afe6acaffd972c74fa12b2bdfb575676d2f211c02c7ba0593f5f2346"
"py","word_metrics","core","core/acl-review/scripts/word_metrics.py","e31891107705ffda96029a83309c30f3a9018c0d5ffba8099281e07e4968afec"
"toml","customize","core","core/acl-advanced-elicitation/customize.toml","ab88341cfb2f8ac3b96b83de05a1fbc69a1b1453e2a88d3a03766a4e9b856213"
"toml","customize","core","core/acl-brainstorming/customize.toml","107df3c2a5e359b1759c483dce49eef00d8872c072a18986a03a9a5d1b7eaacb"
"toml","customize","core","core/acl-deep-recon/customize.toml","598f320cd7c880ac8dd44dd6cf129a5c64c2bb415eb62c0207108448d7348474"
"toml","customize","core","core/acl-forge-idea/customize.toml","39a123946cff5f429714e27831095f694392a7b811290e02eb9774a378ee3814"
"toml","customize","core","core/acl-party-mode/customize.toml","907a3f95576ab7d3bf9e2e7a7a5639ab0199aff8742324bca4049a65754080e0"
"toml","customize","core","core/acl-review/customize.toml","116414c84d0f6f39a041a55c5e9edfcaea796492d17403c37eb6a8b794fdb9c9"
"toml","customize","core","core/v6-shims/acl-editorial-review/customize.toml","5688622a42177f45dd9add1b1bc1bc6e3bb01f5e331d15a98f2fcb160623c2e6"
"yaml","config","core","core/config.yaml","26df85de0fa33013f6a7acfaa700ac28ea95306a6446e16804cadb1d3859fc73"
"file",".gitignore","render","render/.gitignore","240a3e0d37d2e86b614063f5347eb02d4f99ca6c254de6b82871ff8d95532a7d"
"py","config_utils","scripts","scripts/config_utils.py","c647db1115ca5e0f1a7a7cab74432740294d56d111fa89cff2cd32ac78dc117e"
"py","memlog","scripts","scripts/memlog.py","bfc2db87fb36aa6a7353d31d9b08cf040c337f2771b5ca45333807876880179c"
"py","render_skill","scripts","scripts/render_skill.py","e9e186af5728c100b67a55d59e74e6258778a8cbd211ace4c2af1dda0539ecc0"
"py","resolve_config","scripts","scripts/resolve_config.py","02822de746189491a0bbc577985d4b6152bbf032286cf050577013896bfc0f58"
"py","resolve_customization","scripts","scripts/resolve_customization.py","32ba71967ee1462f2eb77615b14654619919e8e90c4f2e8c9c10adb5973a9b5c"
